"name","dev-image","qa-image","uat-image","npd-image","prod-image","dev-replicas","qa-replicas","uat-replicas","npd-replicas","prod-replicas"
"account-link-api","snapshot:2025-01-16.466.4265f797","candidate:2025-01-15.465.2a2f1821","release:2025-01-15.465.2a2f1821","release:2025-01-15.465.2a2f1821","release:2025-01-15.465.2a2f1821","1","1","5","10","10"
"account-link-audit-processor","snapshot:2025-01-16.466.4265f797","candidate:2025-01-15.465.2a2f1821","release:2025-01-15.465.2a2f1821","release:2025-01-15.465.2a2f1821","release:2025-01-15.465.2a2f1821","1","1","1","1","1"
"account-link-email-publisher","snapshot:2025-01-16.466.4265f797","candidate:2025-01-15.465.2a2f1821","release:2025-01-15.465.2a2f1821","release:2025-01-15.465.2a2f1821","release:2025-01-15.465.2a2f1821","1","1","1","1","1"
"account-link-event-context-translator","snapshot:2025-02-24.952","candidate:2025-02-24.952","release:2025-02-24.952","release:2025-02-24.952","release:2025-02-18.951","1","3","3","3","3"
"account-link-event-processor","snapshot:2025-01-16.466.4265f797","candidate:2025-01-15.465.2a2f1821","release:2025-01-15.465.2a2f1821","release:2025-01-15.465.2a2f1821","release:2025-01-15.465.2a2f1821","1","1","1","1","1"
"account-settings-api","snapshot:2025-02-25.220.54070564","candidate:2025-02-03.217.4fb60cee","release:2025-02-03.217.4fb60cee","release:2025-02-03.217.4fb60cee","release:2025-02-03.217.4fb60cee","1","3","3","5","5"
"account-settings-audit-processor","snapshot:2025-02-25.220.54070564","candidate:2025-02-03.217.4fb60cee","release:2025-02-03.217.4fb60cee","release:2025-02-03.217.4fb60cee","release:2025-02-03.217.4fb60cee","1","1","1","1","1"
"account-settings-email-publisher","snapshot:2025-02-25.220.54070564","candidate:2025-02-03.217.4fb60cee","release:2025-02-03.217.4fb60cee","release:2025-02-03.217.4fb60cee","release:2025-02-03.217.4fb60cee","1","1","1","1","1"
"account-settings-event-orchestrator","snapshot:2025-02-25.220.54070564","candidate:2025-02-03.217.4fb60cee","release:2025-02-03.217.4fb60cee","release:2025-02-03.217.4fb60cee","release:2025-02-03.217.4fb60cee","1","1","1","1","1"
"account-settings-event-processor","snapshot:2025-02-25.220.54070564","candidate:2025-02-03.217.4fb60cee","release:2025-02-03.217.4fb60cee","release:2025-02-03.217.4fb60cee","release:2025-02-03.217.4fb60cee","1","1","1","1","1"
"account-settings-phonenumber-notification-generator","snapshot:2025-02-25.220.54070564","candidate:2025-02-03.217.4fb60cee","release:2025-02-03.217.4fb60cee","release:2025-02-03.217.4fb60cee","release:2025-02-03.217.4fb60cee","1","1","1","1","1"
"account-settings-phonenumber-orchestrator","snapshot:2025-02-25.220.54070564","candidate:2025-02-03.217.4fb60cee","release:2025-02-03.217.4fb60cee","release:2025-02-03.217.4fb60cee","release:2025-02-03.217.4fb60cee","1","1","1","1","3"
"account-settings-tcpa-workflow-processor","snapshot:2025-02-25.220.54070564","candidate:2025-02-03.217.4fb60cee","release:2025-02-03.217.4fb60cee","release:2025-02-03.217.4fb60cee","release:2025-02-03.217.4fb60cee","1","1","1","1","1"
"account-settings-workflow-processor","snapshot:2025-02-25.220.54070564","candidate:2025-02-03.217.4fb60cee","release:2025-02-03.217.4fb60cee","release:2025-02-03.217.4fb60cee","release:2025-02-03.217.4fb60cee","1","1","1","1","1"
"address-api","snapshot:2024-11-26.192.30d55257","candidate:2024-11-26.192.30d55257","release:2024-11-26.192.30d55257","release:2024-11-26.192.30d55257","release:2024-11-26.192.30d55257","1","3","3","5","5"
"address-audit-processor","snapshot:2024-11-26.192.30d55257","candidate:2024-11-26.192.30d55257","release:2024-11-26.192.30d55257","release:2024-11-26.192.30d55257","release:2024-11-26.192.30d55257","1","1","1","1","1"
"address-email-publisher","snapshot:2024-11-26.192.30d55257","candidate:2024-11-26.192.30d55257","release:2024-11-26.192.30d55257","release:2024-11-26.192.30d55257","release:2024-11-26.192.30d55257","1","3","3","1","1"
"address-event-orchestrator","snapshot:2024-11-26.192.30d55257","candidate:2024-11-26.192.30d55257","release:2024-11-26.192.30d55257","release:2024-11-26.192.30d55257","release:2024-11-26.192.30d55257","1","3","3","1","3"
"address-event-processor","snapshot:2024-11-26.192.30d55257","candidate:2024-11-26.192.30d55257","release:2024-11-26.192.30d55257","release:2024-11-26.192.30d55257","release:2024-11-26.192.30d55257","1","1","1","1","1"
"address-mailing-address-notification-generator",,,"release:2024-07-16.135.1b2ac11b","release:2024-07-16.135.1b2ac11b",,,,"0","1",
"address-notification-generator","snapshot:2024-11-26.192.30d55257","candidate:2024-11-26.192.30d55257","release:2024-11-26.192.30d55257","release:2024-11-26.192.30d55257","release:2024-11-26.192.30d55257","1","1","1","1","1"
"address-workflow-processor","snapshot:2024-11-26.192.30d55257","candidate:2024-11-26.192.30d55257","release:2024-11-26.192.30d55257","release:2024-11-26.192.30d55257","release:2024-11-26.192.30d55257","1","1","1","1","1"
"addresses-event-builder-0202","snapshot:2025-02-24.952","candidate:2025-02-24.952","release:2025-02-24.952","release:2025-02-24.952","release:2025-02-18.951","1","1","3","3","3"
"ags-application-adapter-api","snapshot:2024-11-21.23.e7360a6b","candidate:2024-11-21.23.e7360a6b","release:2024-11-21.23.e7360a6b","release:2024-11-21.23.e7360a6b","release:2024-11-21.23.e7360a6b","3","6","6","6","6"
"balanced-billing-api","snapshot:2024-12-24.56.58a15b43","candidate:2024-12-24.56.58a15b43","release:2024-12-24.56.58a15b43","release:2024-12-24.56.58a15b43","release:2024-12-24.56.58a15b43","1","1","1","3","5"
"balanced-billing-bc-event-builder","snapshot:2025-02-24.952","candidate:2025-02-24.952","release:2025-02-24.952","release:2025-02-24.952","release:2025-02-18.951","1","3","3","3","3"
"balanced-billing-context-translator","snapshot:2025-02-24.952","candidate:2025-02-24.952","release:2025-02-24.952","release:2025-02-24.952","release:2025-02-18.951","1","1","3","1","3"
"balanced-billing-event-builder","snapshot:2024-10-25.719","candidate:2024-10-25.719","release:2024-10-25.719","release:2024-10-25.719","release:2024-10-25.719","0","0","0","0","0"
"balanced-billing-event-orchestrator","snapshot:2024-12-24.56.58a15b43","candidate:2024-12-24.56.58a15b43","release:2024-12-24.56.58a15b43","release:2024-12-24.56.58a15b43","release:2024-12-24.56.58a15b43","1","1","1","1","1"
"balanced-billing-event-processor","snapshot:2024-12-24.56.58a15b43","candidate:2024-12-24.56.58a15b43","release:2024-12-24.56.58a15b43","release:2024-12-24.56.58a15b43","release:2024-12-24.56.58a15b43","1","1","1","1","1"
"balanced-billing-mail-publisher","snapshot:2024-12-24.56.58a15b43","candidate:2024-12-24.56.58a15b43","release:2024-12-24.56.58a15b43","release:2024-12-24.56.58a15b43","release:2024-12-24.56.58a15b43","1","1","1","1","1"
"bank-account-api","snapshot:2025-02-25.226.25942bda","candidate:2025-01-30.225.79429936","release:2025-01-30.225.79429936","release:2025-01-30.225.79429936","release:2025-01-30.225.79429936","2","5","6","6","6"
"bank-account-audit-event-processor","snapshot:2025-02-25.226.25942bda","candidate:2025-01-30.225.79429936","release:2025-01-30.225.79429936","release:2025-01-30.225.79429936","release:2025-01-30.225.79429936","1","1","1","1","1"
"bank-account-context-translator","snapshot:2025-02-24.952","candidate:2025-02-24.952","release:2025-02-24.952","release:2025-02-24.952","release:2025-02-18.951","1","3","3","3","3"
"bank-account-event-builder","snapshot:2024-10-25.719","candidate:2024-10-25.719","release:2024-10-25.719","release:2024-10-25.719","release:2024-10-25.719","0","0","0","0","0"
"bank-account-event-builder-v2","snapshot:2025-02-24.952","candidate:2025-02-24.952","release:2025-02-24.952","release:2025-02-24.952","release:2025-02-18.951","1","3","3","3","3"
"bank-account-event-consumer","snapshot:2024-10-08.199.7decc428","candidate:2024-10-08.199.7decc428","release:2024-10-08.199.7decc428","release:2024-10-08.199.7decc428","release:2024-10-08.199.7decc428","0","0","0","0","0"
"bank-account-event-orchestrator","snapshot:2025-02-25.226.25942bda","candidate:2025-01-30.225.79429936","release:2025-01-30.225.79429936","release:2025-01-30.225.79429936","release:2025-01-30.225.79429936","1","3","3","3","3"
"bank-account-workflow-event-processor","snapshot:2025-02-25.226.25942bda","candidate:2025-01-30.225.79429936","release:2025-01-30.225.79429936","release:2025-01-30.225.79429936","release:2025-01-30.225.79429936","1","1","1","1","1"
"bank-routing-details-event-builder","snapshot:2024-10-25.719","candidate:2024-10-25.719","release:2024-10-25.719","release:2024-10-25.719","release:2024-10-25.719","0","0","0","0","0"
"bank-routing-details-event-builder-v2","snapshot:2025-02-24.952","candidate:2025-02-24.952","release:2025-02-24.952","release:2025-02-24.952","release:2025-02-18.951","1","3","3","3","3"
"bill-api","snapshot:2025-02-11.172.92808857","candidate:2025-02-11.172.92808857","release:2025-02-11.172.92808857","release:2025-02-11.172.92808857","release:2025-02-11.172.92808857","1","1","5","5","10"
"bill-consumer","snapshot:2025-02-11.172.92808857","candidate:2025-02-11.172.92808857","release:2025-02-11.172.92808857","release:2025-02-11.172.92808857","release:2025-02-11.172.92808857","1","3","5","5","5"
"bill-delivery-event-builder","snapshot:2024-10-25.719","candidate:2024-10-25.719","release:2024-10-25.719","release:2024-10-25.719","release:2024-10-25.719","0","0","0","0","0"
"bill-event-builder","snapshot:2025-02-24.952","candidate:2025-02-24.952","release:2025-02-24.952","release:2025-02-24.952","release:2025-02-18.951","1","10","10","10","10"
"billing-account-address-key-event-builder-0201","snapshot:2025-02-24.952","candidate:2025-02-24.952","release:2025-02-24.952","release:2025-02-24.952","release:2025-02-18.951","1","1","3","3","3"
"billing-account-api","snapshot:2025-02-13.351.e4b0f424","candidate:2025-02-13.351.e4b0f424","release:2025-02-13.351.e4b0f424","release:2025-02-13.351.e4b0f424","release:2025-02-13.351.e4b0f424","6","13","20","20","20"
"billing-account-audit-processor","snapshot:2025-02-13.351.e4b0f424","candidate:2025-02-13.351.e4b0f424","release:2025-02-13.351.e4b0f424","release:2025-02-13.351.e4b0f424","release:2025-02-13.351.e4b0f424","1","1","1","1","1"
"billing-account-event-builder","snapshot:2025-02-24.952","candidate:2025-02-24.952","release:2025-02-24.952","release:2025-02-24.952","release:2025-02-18.951","1","10","10","10","10"
"billing-account-event-builder-customer-number-load","snapshot:2025-02-24.952","candidate:2025-02-24.952","release:2025-02-24.952","release:2025-02-24.952","release:2025-02-18.951","5","5","5","5","5"
"billing-account-event-consumer","snapshot:2025-02-13.351.e4b0f424","candidate:2025-02-13.351.e4b0f424","release:2025-02-13.351.e4b0f424","release:2025-02-13.351.e4b0f424","release:2025-02-13.351.e4b0f424","1","3","3","3","8"
"bulk-pay-event-processor","snapshot:2025-02-24.237.2356d009","candidate:2025-02-24.237.2356d009","release:2025-02-17.235.65d57160","release:2025-02-17.235.65d57160","release:2025-01-31.224.7db03a8e","1","1","1","1","1"
"cancel-payment-api","snapshot:2025-02-06.85.6cf4475f","candidate:2025-02-06.85.6cf4475f","release:2025-02-06.85.6cf4475f","release:2025-02-06.85.6cf4475f","release:2025-02-06.85.6cf4475f","1","1","1","5","5"
"cancel-payment-completed-event-context-translator","snapshot:2025-02-24.952","candidate:2025-02-24.952","release:2025-02-24.952","release:2025-02-24.952","release:2025-02-18.951","1","3","3","3","3"
"cancel-payment-event-consumer","snapshot:2025-02-06.85.6cf4475f","candidate:2025-02-06.85.6cf4475f","release:2025-02-06.85.6cf4475f","release:2025-02-06.85.6cf4475f","release:2025-02-06.85.6cf4475f","1","3","3","3","3"
"cancel-payment-event-processor","snapshot:2025-02-06.85.6cf4475f","candidate:2025-02-06.85.6cf4475f","release:2025-02-06.85.6cf4475f","release:2025-02-06.85.6cf4475f","release:2025-02-06.85.6cf4475f","1","1","1","1","1"
"cancel-payment-user-account-consumer",,,"release:2024-06-20.15.c83add9d","release:2024-06-20.15.c83add9d","release:2024-06-20.15.c83add9d",,,"0","0","0"
"collection-activity-api","snapshot:2024-12-05.40.c1d75496","candidate:2024-12-05.40.c1d75496","release:2024-12-05.40.c1d75496","release:2024-12-05.40.c1d75496","release:2024-12-05.40.c1d75496","2","5","2","5","10"
"collection-activity-event-builder","snapshot:2025-02-24.952","candidate:2025-02-24.952","release:2025-02-24.952","release:2025-02-24.952","release:2025-02-18.951","1","3","3","5","5"
"collection-activity-graphql-api","snapshot:2024-12-05.40.c1d75496","candidate:2024-12-05.40.c1d75496","release:2024-12-05.40.c1d75496","release:2024-12-05.40.c1d75496","release:2024-12-05.40.c1d75496","2","5","3","10","10"
"collection-detail-event-builder","snapshot:2025-02-24.952","candidate:2025-02-24.952","release:2025-02-24.952","release:2025-02-24.952","release:2025-02-18.951","1","3","3","3","3"
"collection-detail-event-builder-v2","snapshot:2025-02-24.952","candidate:2025-02-24.952","release:2025-02-24.952","release:2025-02-24.952","release:2025-02-18.951","1","3","3","3","3"
"collection-header-event-builder","snapshot:2025-02-24.952","candidate:2025-02-24.952","release:2025-02-24.952","release:2025-02-24.952","release:2025-02-18.951","1","3","3","3","3"
"collection-header-event-builder-v2","snapshot:2025-02-24.952","candidate:2025-02-24.952","release:2025-02-24.952","release:2025-02-24.952","release:2025-02-18.951","1","3","3","3","3"
"collection-info-event-builder","snapshot:2025-02-24.952","candidate:2025-02-24.952","release:2025-02-24.952","release:2025-02-24.952","release:2025-02-18.951","1","3","3","3","3"
"collections-arrangement-api","snapshot:2025-02-24.146.5d5729f7","candidate:2025-02-24.146.5d5729f7","release:2025-01-27.145.12a27795","release:2025-01-27.145.12a27795","release:2025-01-27.145.12a27795","1","1","1","3","3"
"collections-arrangement-audit-processor","snapshot:2025-02-24.146.5d5729f7","candidate:2025-02-24.146.5d5729f7","release:2025-01-27.145.12a27795","release:2025-01-27.145.12a27795","release:2025-01-27.145.12a27795","1","1","1","1","1"
"collections-arrangement-consumer","snapshot:2025-02-24.146.5d5729f7","candidate:2025-02-24.146.5d5729f7","release:2025-01-27.145.12a27795","release:2025-01-27.145.12a27795","release:2025-01-27.145.12a27795","1","3","3","3","3"
"collections-arrangement-context-translator","snapshot:2025-02-24.952","candidate:2025-02-24.952","release:2025-02-24.952","release:2025-02-24.952","release:2025-02-18.951","1","3","3","3","3"
"collections-arrangement-derived-field-consumer","snapshot:2025-02-24.146.5d5729f7","candidate:2025-02-24.146.5d5729f7","release:2025-01-27.145.12a27795","release:2025-01-27.145.12a27795","release:2025-01-27.145.12a27795","1","3","3","3","3"
"collections-arrangement-event-orchestrator","snapshot:2025-02-24.146.5d5729f7","candidate:2025-02-24.146.5d5729f7","release:2025-01-27.145.12a27795","release:2025-01-27.145.12a27795","release:2025-01-27.145.12a27795","1","3","3","3","3"
"collections-arrangement-event-processor","snapshot:2025-02-24.146.5d5729f7","candidate:2025-02-24.146.5d5729f7","release:2025-01-27.145.12a27795","release:2025-01-27.145.12a27795","release:2025-01-27.145.12a27795","1","1","1","1","1"
"collections-arrangement-user-account-consumer",,,"release:2024-07-08.18.94f52627","release:2024-07-08.18.94f52627","release:2024-07-08.18.94f52627",,,"0","0","0"
"collections-arrangement-workflow-event-processor","snapshot:2025-02-24.146.5d5729f7","candidate:2025-02-24.146.5d5729f7","release:2025-01-27.145.12a27795","release:2025-01-27.145.12a27795","release:2025-01-27.145.12a27795","1","1","1","1","1"
"create-customer-context-translator","snapshot:2025-02-24.952","candidate:2025-02-24.952","release:2025-02-24.952","release:2025-02-24.952","release:2025-01-28.928","1","1","3","3","3"
"create-user-context-translator","snapshot:2025-02-24.952","candidate:2025-02-24.952","release:2025-02-24.952","release:2025-02-24.952","release:2025-02-18.951","1","1","0","0","0"
"credit-source-event-builder","snapshot:2025-02-24.952","candidate:2025-02-24.952","release:2025-02-24.952","release:2025-02-24.952","release:2025-02-18.951","1","10","10","10","10"
"customer-info-api","snapshot:2025-02-20.426.0d1c930f","candidate:2025-02-12.421.69de41e8","release:2025-02-12.421.69de41e8","release:2025-02-12.421.69de41e8","release:2025-02-12.421.69de41e8","1","1","1","3","3"
"customer-info-audit-processor","snapshot:2025-02-20.426.0d1c930f","candidate:2025-02-12.421.69de41e8","release:2025-02-12.421.69de41e8","release:2025-02-12.421.69de41e8","release:2025-02-12.421.69de41e8","1","1","1","1","1"
"customer-info-event-builder","snapshot:2025-02-24.952","candidate:2025-02-24.952","release:2025-02-24.952","release:2025-02-24.952","release:2025-02-18.951","1","3","3","3","3"
"customer-info-event-orchestrator","snapshot:2025-02-20.426.0d1c930f","candidate:2025-02-12.421.69de41e8","release:2025-02-12.421.69de41e8","release:2025-02-12.421.69de41e8","release:2025-02-12.421.69de41e8","1","1","1","1","1"
"customer-info-event-processor","snapshot:2025-02-20.426.0d1c930f","candidate:2025-02-12.421.69de41e8","release:2025-02-12.421.69de41e8","release:2025-02-12.421.69de41e8","release:2025-02-12.421.69de41e8","1","1","1","1","1"
"derived-field-priority-worker","snapshot:2025-02-26.259.98a7c4e2","candidate:2025-02-12.255.97e7f231","release:2025-02-12.255.97e7f231","release:2025-02-12.255.97e7f231","release:2025-02-12.255.97e7f231","5","5","10","5","10"
"derived-field-scheduler","snapshot:2025-02-26.259.98a7c4e2","candidate:2025-02-12.255.97e7f231","release:2025-02-12.255.97e7f231","release:2025-02-12.255.97e7f231","release:2025-02-12.255.97e7f231","10","10","10","10","10"
"derived-field-worker","snapshot:2025-02-26.259.98a7c4e2","candidate:2025-02-12.255.97e7f231","release:2025-02-12.255.97e7f231","release:2025-02-12.255.97e7f231","release:2025-02-12.255.97e7f231","1","1","1","1","1"
"direct-pay-api","snapshot:2025-02-24.154.2496fcbe","candidate:2025-02-24.154.2496fcbe","release:2025-02-21.153.a6eca6ab","release:2025-02-21.153.a6eca6ab","release:2025-01-17.113.0bf7bd5f","3","3","1","1","0"
"direct-pay-audit-processor","snapshot:2025-02-24.154.2496fcbe","candidate:2025-02-24.154.2496fcbe","release:2025-02-21.153.a6eca6ab","release:2025-02-21.153.a6eca6ab","release:2025-01-17.113.0bf7bd5f","1","1","0","0","0"
"direct-pay-consumer","direct-pay-consumer:latest","direct-pay-consumer","direct-pay-consumer","direct-pay-consumer","direct-pay-consumer","0","0","0","0","0"
"direct-pay-data-load-event-processor","snapshot:2025-02-20.142.797ef83a","candidate:2025-02-20.142.797ef83a",,,,"0","0",,,
"direct-pay-enrolment-event-builder","snapshot:2025-02-24.952","candidate:2025-02-24.952","release:2025-02-24.952","release:2025-02-24.952","release:2025-02-18.951","1","3","3","3","3"
"direct-pay-event-builder","snapshot:2025-02-24.952","candidate:2025-02-24.952","release:2025-02-24.952","release:2025-02-24.952","release:2025-02-18.951","1","3","3","3","3"
"direct-pay-event-orchestrator","snapshot:2025-02-24.154.2496fcbe","candidate:2025-02-24.154.2496fcbe","release:2025-02-21.153.a6eca6ab","release:2025-02-21.153.a6eca6ab","release:2025-01-17.113.0bf7bd5f","1","1","3","3","0"
"direct-pay-event-processor","snapshot:2025-02-24.154.2496fcbe","candidate:2025-02-24.154.2496fcbe","release:2025-02-21.153.a6eca6ab","release:2025-02-21.153.a6eca6ab","release:2025-01-17.113.0bf7bd5f","0","0","0","0","0"
"direct-pay-un-enrollment-workflow-processor","snapshot:2025-02-24.154.2496fcbe","candidate:2025-02-24.154.2496fcbe","release:2025-02-21.153.a6eca6ab","release:2025-02-21.153.a6eca6ab","release:2025-01-17.113.0bf7bd5f","1","1","1","1","0"
"direct-pay-unenrollment-context-translator","snapshot:2025-02-24.952","candidate:2025-02-24.952","release:2025-02-24.952","release:2025-02-24.952","release:2025-02-18.951","1","3","3","3","0"
"direct-pay-unenrollment-event-builder-0201","snapshot:2025-02-24.952","candidate:2025-02-24.952","release:2025-02-24.952","release:2025-02-24.952","release:2025-02-18.951","1","3","3","3","0"
"direct-pay-unenrollment-event-builder-1231","snapshot:2025-02-24.952","candidate:2025-02-24.952","release:2025-02-24.952","release:2025-02-24.952","release:2025-02-18.951","1","3","3","3","0"
"direct-pay-unenrollment-event-builder-1232","snapshot:2025-02-24.952","candidate:2025-02-24.952","release:2025-02-24.952","release:2025-02-24.952","release:2025-02-18.951","1","3","3","3","0"
"energy-insights-api","snapshot:2025-02-19.69.38dbb893","candidate:2025-02-19.69.38dbb893","release:2025-02-19.69.38dbb893","release:2025-02-19.69.38dbb893","release:2025-02-10.65.1a6b957e","1","1","1","1","1"
"energy-usage-api","snapshot:2025-01-16.48.5d501401","candidate:2025-01-16.48.5d501401","release:2025-01-16.48.5d501401","release:2025-01-16.48.5d501401","release:2025-01-16.48.5d501401","1","1","5","5","5"
"energy-usage-consumer","snapshot:2024-07-10.32.79635960","candidate:2024-06-07.31.3b8d47d9","release:2024-06-07.31.3b8d47d9","release:2024-06-07.31.3b8d47d9","release:2024-06-07.31.3b8d47d9","0","0","0","0","0"
"energy-usage-event-processor","snapshot:2025-01-16.48.5d501401","candidate:2025-01-16.48.5d501401","release:2025-01-16.48.5d501401","release:2025-01-16.48.5d501401","release:2025-01-16.48.5d501401","1","1","1","1","1"
"esco-comparison-event-builder-1295","snapshot:2025-02-24.952","candidate:2025-02-24.952","release:2025-02-24.952","release:2025-02-24.952","release:2025-02-18.951","1","1","3","3","3"
"esco-marketer-address-event-builder-1262","snapshot:2025-02-24.952","candidate:2025-02-24.952","release:2025-02-24.952","release:2025-02-24.952","release:2025-02-18.951","1","1","3","3","1"
"financial-transaction-header-event-builder","snapshot:2025-02-24.952","candidate:2025-02-24.952","release:2025-02-24.952","release:2025-02-24.952","release:2025-02-18.951","1","3","3","3","3"
"fuel-service-processor","snapshot:2025-02-11.125.6884e945","candidate:2025-02-11.125.6884e945","release:2025-02-11.125.6884e945","release:2025-02-11.125.6884e945","release:2025-02-11.125.6884e945","1","1","1","1","1"
"identity-check-context-translator","snapshot:2025-02-03.75.7bfb3f46","candidate:2025-02-03.75.7bfb3f46","release:2025-02-03.75.7bfb3f46","release:2025-02-03.75.7bfb3f46","release:2025-02-03.75.7bfb3f46","1","1","1","3","3"
"mailing-address-update-context-translator","snapshot:2025-02-24.952","candidate:2025-02-24.952","release:2025-02-24.952","release:2025-02-24.952","release:2025-02-18.951","1","1","3","3","3"
"meter-api","snapshot:2025-02-11.125.6884e945","candidate:2025-02-11.125.6884e945","release:2025-02-11.125.6884e945","release:2025-02-11.125.6884e945","release:2025-02-11.125.6884e945","1","1","1","3","1"
"meter-info-event-builder","snapshot:2025-02-24.952","candidate:2025-02-24.952","release:2025-02-24.952","release:2025-02-24.952","release:2025-02-18.951","1","1","3","3","3"
"meter-point-event-builder","snapshot:2025-02-24.952","candidate:2025-02-24.952","release:2025-02-24.952","release:2025-02-24.952","release:2025-02-18.951","1","3","3","3","3"
"meter-service-processor","snapshot:2025-02-11.125.6884e945","candidate:2025-02-11.125.6884e945","release:2025-02-11.125.6884e945","release:2025-02-11.125.6884e945","release:2025-02-11.125.6884e945","1","1","1","1","1"
"notification-application-service-api","snapshot:2025-02-10.39.98ada69a","candidate:2024-11-28.37.368f9b81","release:2024-11-28.37.368f9b81","release:2024-11-28.37.368f9b81","release:2024-11-28.37.368f9b81","1","1","3","3","3"
"notification-application-service-consumer","snapshot:2025-02-10.39.98ada69a","candidate:2024-11-28.37.368f9b81","release:2024-11-28.37.368f9b81","release:2024-11-28.37.368f9b81","release:2024-11-28.37.368f9b81","1","1","1","1","3"
"opower-provider-api","snapshot:2025-02-20.65.0481fac3","candidate:2025-02-14.64.0481fac3","release:2025-02-14.64.0481fac3","release:2025-02-14.64.0481fac3","release:2025-01-22.62.2687d472","1","3","1","0","0"
"opt-in-api","snapshot:2025-02-03.263.2fb3175d","candidate:2025-02-03.263.2fb3175d","release:2025-02-03.263.2fb3175d","release:2025-02-03.263.2fb3175d","release:2025-02-03.263.2fb3175d","1","1","1","3","3"
"outage-preference-api","snapshot:2025-02-24.14.741e6550","candidate:2025-02-24.14.741e6550",,,,"1","1",,,
"pact-broker","pact-broker:2.112.0-pactbroker2.107.1",,,,,"1",,,,
"paperless-billing-api","snapshot:2024-12-09.75.fd9c8355","candidate:2024-12-09.75.fd9c8355","release:2024-12-09.75.fd9c8355","release:2024-12-09.75.fd9c8355","release:2024-12-09.75.fd9c8355","2","3","8","17","20"
"paperless-billing-audit-processor","snapshot:2024-12-09.75.fd9c8355","candidate:2024-12-09.75.fd9c8355","release:2024-12-09.75.fd9c8355","release:2024-12-09.75.fd9c8355","release:2024-12-09.75.fd9c8355","1","1","1","1","1"
"paperless-billing-bill-form-event-builder","snapshot:2025-02-24.952","candidate:2025-02-24.952","release:2025-02-24.952","release:2025-02-24.952","release:2025-02-18.951","1","3","3","3","3"
"paperless-billing-context-translator","snapshot:2025-02-24.952","candidate:2025-02-24.952","release:2025-02-24.952","release:2025-02-24.952","release:2025-02-18.951","1","3","3","3","3"
"paperless-billing-event-builder","snapshot:2025-02-24.952","candidate:2025-02-24.952","release:2025-02-24.952","release:2025-02-24.952","release:2025-02-18.951","1","3","3","3","3"
"paperless-billing-event-orchestrator","snapshot:2024-12-09.75.fd9c8355","candidate:2024-12-09.75.fd9c8355","release:2024-12-09.75.fd9c8355","release:2024-12-09.75.fd9c8355","release:2024-12-09.75.fd9c8355","1","1","1","1","1"
"paperless-billing-event-processor","snapshot:2024-12-09.75.fd9c8355","candidate:2024-12-09.75.fd9c8355","release:2024-12-09.75.fd9c8355","release:2024-12-09.75.fd9c8355","release:2024-12-09.75.fd9c8355","1","1","1","1","1"
"paperless-billing-mail-publisher","snapshot:2024-12-09.75.fd9c8355","candidate:2024-12-09.75.fd9c8355","release:2024-12-09.75.fd9c8355","release:2024-12-09.75.fd9c8355","release:2024-12-09.75.fd9c8355","1","1","3","1","1"
"pay-by-bank-api","snapshot:2025-02-24.237.2356d009","candidate:2025-02-24.237.2356d009","release:2025-02-17.235.65d57160","release:2025-02-17.235.65d57160","release:2025-01-31.224.7db03a8e","2","2","4","5","10"
"pay-by-bank-context-translator","snapshot:2025-02-24.952","candidate:2025-02-24.952","release:2025-02-24.952","release:2025-02-24.952","release:2025-02-18.951","1","3","3","3","3"
"pay-by-bank-context-translator-v2","snapshot:2025-02-24.952","candidate:2025-02-24.952","release:2025-02-24.952","release:2025-02-24.952","release:2025-02-18.951","1","3","3","3","3"
"pay-by-bank-event-orchestrator","snapshot:2025-02-24.237.2356d009","candidate:2025-02-24.237.2356d009","release:2025-02-17.235.65d57160","release:2025-02-17.235.65d57160","release:2025-01-31.224.7db03a8e","1","3","3","3","3"
"pay-by-bank-event-processor","snapshot:2025-02-24.237.2356d009","candidate:2025-02-24.237.2356d009","release:2025-02-17.235.65d57160","release:2025-02-17.235.65d57160","release:2025-01-31.224.7db03a8e","1","1","1","1","1"
"pay-by-bank-user-account-consumer",,,"release:2024-07-17.47.588c8a26","release:2024-07-17.47.588c8a26","release:2024-07-17.47.588c8a26",,,"0","0","0"
"payment-api","snapshot:2025-01-27.113.0c534c54","candidate:2025-01-27.113.0c534c54","release:2025-01-27.113.0c534c54","release:2025-01-27.113.0c534c54","release:2025-01-27.113.0c534c54","1","1","5","5","6"
"payment-consumer","snapshot:2025-01-27.113.0c534c54","candidate:2025-01-27.113.0c534c54","release:2025-01-27.113.0c534c54","release:2025-01-27.113.0c534c54","release:2025-01-27.113.0c534c54","1","0","0","0","3"
"payment-data-sync-api","snapshot:2025-01-27.113.0c534c54","candidate:2025-01-27.113.0c534c54","release:2025-01-27.113.0c534c54","release:2025-01-27.113.0c534c54","release:2025-01-27.113.0c534c54","1","1","5","5","5"
"payment-event-processor","snapshot:2025-01-27.113.0c534c54","candidate:2025-01-27.113.0c534c54","release:2025-01-27.113.0c534c54","release:2025-01-27.113.0c534c54","release:2025-01-27.113.0c534c54","1","1","1","1","1"
"payment-plan-api","snapshot:2025-01-27.503.a6b49df4","candidate:2025-01-27.503.a6b49df4","release:2025-01-27.503.a6b49df4","release:2025-01-27.503.a6b49df4","release:2025-01-27.503.a6b49df4","3","3","10","8","10"
"payment-plan-consumer","snapshot:2025-01-27.503.a6b49df4","candidate:2025-01-27.503.a6b49df4","release:2025-01-27.503.a6b49df4","release:2025-01-27.503.a6b49df4","release:2025-01-27.503.a6b49df4","1","3","3","3","8"
"payment-plan-derived-field-consumer","snapshot:2025-01-27.503.a6b49df4","candidate:2025-01-27.503.a6b49df4","release:2025-01-27.503.a6b49df4","release:2025-01-27.503.a6b49df4","release:2025-01-27.503.a6b49df4","1","3","3","3","3"
"payment-plan-detail-audit-processor","snapshot:2025-01-27.503.a6b49df4","candidate:2025-01-27.503.a6b49df4","release:2025-01-27.503.a6b49df4","release:2025-01-27.503.a6b49df4","release:2025-01-27.503.a6b49df4","1","1","1","1","1"
"payment-plan-enrollment-context-translator","snapshot:2025-02-24.952","candidate:2025-02-24.952","release:2025-02-24.952","release:2025-02-24.952","release:2025-02-18.951","1","3","3","3","3"
"payment-plan-event-builder","snapshot:2025-01-03.874","candidate:2025-01-03.874","release:2025-01-03.874","release:2025-01-03.874","release:2025-01-03.874","0","0","0","0","0"
"payment-plan-event-builder-v2","snapshot:2025-02-24.952","candidate:2025-02-24.952","release:2025-02-24.952","release:2025-02-24.952","release:2025-02-18.951","1","3","3","3","3"
"payment-plan-event-orchestrator","snapshot:2025-01-27.503.a6b49df4","candidate:2025-01-27.503.a6b49df4","release:2025-01-27.503.a6b49df4","release:2025-01-27.503.a6b49df4","release:2025-01-27.503.a6b49df4","1","3","3","3","3"
"payment-plan-user-account-consumer",,,"release:2024-07-26.361.d1c6abc4","release:2024-07-26.361.d1c6abc4","release:2024-07-08.218.8c136c0a",,,"0","0","0"
"payment-plan-workflow-event-processor","snapshot:2025-01-27.503.a6b49df4","candidate:2025-01-27.503.a6b49df4","release:2025-01-27.503.a6b49df4","release:2025-01-27.503.a6b49df4","release:2025-01-27.503.a6b49df4","1","1","1","1","1"
"payment-reminder-api","snapshot:2025-02-17.133.ccd57071","candidate:2025-02-17.133.ccd57071","release:2025-02-17.133.ccd57071","release:2025-02-17.133.ccd57071","release:2025-01-28.132.087e1b22","1","1","3","5","5"
"payment-reminder-audit-processor","snapshot:2025-02-17.133.ccd57071","candidate:2025-02-17.133.ccd57071","release:2025-02-17.133.ccd57071","release:2025-02-17.133.ccd57071","release:2025-01-28.132.087e1b22","1","1","1","1","1"
"payment-reminder-event-processor","snapshot:2025-02-17.133.ccd57071","candidate:2025-02-17.133.ccd57071","release:2025-02-17.133.ccd57071","release:2025-02-17.133.ccd57071","release:2025-01-28.132.087e1b22","1","1","1","1","1"
"payment-user-account-consumer",,,"release:2024-07-26.35.984eb2f5","release:2024-07-26.35.984eb2f5","release:2024-07-16.32.e6b2c224",,,"0","0","0"
"phone-number-update-context-translator","snapshot:2025-02-24.952","candidate:2025-02-24.952","release:2025-02-24.952","release:2025-02-24.952","release:2025-02-18.951","1","3","3","3","3"
"preferences-api","snapshot:2024-07-30.39.62900763","candidate:2024-07-30.39.62900763","release:2024-07-30.39.62900763","release:2024-07-30.39.62900763","release:2024-07-30.39.62900763","1","1","1","1","1"
"premise-address-processor","snapshot:2025-02-24.166.ebeca8c4","candidate:2025-02-24.166.ebeca8c4","release:2025-02-04.165.4b5f407b","release:2025-02-04.165.4b5f407b","release:2025-02-04.165.4b5f407b","1","1","1","1","1"
"premise-api","snapshot:2025-02-24.166.ebeca8c4","candidate:2025-02-24.166.ebeca8c4","release:2025-02-04.165.4b5f407b","release:2025-02-04.165.4b5f407b","release:2025-02-04.165.4b5f407b","1","1","1","3","1"
"premise-meter-processor","snapshot:2025-02-24.166.ebeca8c4","candidate:2025-02-24.166.ebeca8c4","release:2025-02-04.165.4b5f407b","release:2025-02-04.165.4b5f407b","release:2025-02-04.165.4b5f407b","1","1","1","1","1"
"premise-processor","snapshot:2025-02-24.166.ebeca8c4","candidate:2025-02-24.166.ebeca8c4","release:2025-02-04.165.4b5f407b","release:2025-02-04.165.4b5f407b","release:2025-02-04.165.4b5f407b","1","1","1","1","1"
"premise-updated-event-builder","snapshot:2025-02-24.952","candidate:2025-02-24.952","release:2025-02-24.952","release:2025-02-24.952","release:2025-02-18.951","1","1","3","3","3"
"premise-validator-processor","snapshot:2025-02-24.166.ebeca8c4","candidate:2025-02-24.166.ebeca8c4","release:2025-02-04.165.4b5f407b","release:2025-02-04.165.4b5f407b","release:2025-02-04.165.4b5f407b","1","1","1","1","1"
"price-usage-event-builder","snapshot:2025-02-24.952","candidate:2025-02-24.952","release:2025-02-24.952","release:2025-02-24.952","release:2025-02-18.951","1","3","3","3","3"
"price-usage-service-processor","snapshot:2025-02-11.125.6884e945","candidate:2025-02-11.125.6884e945","release:2025-02-11.125.6884e945","release:2025-02-11.125.6884e945","release:2025-02-11.125.6884e945","1","1","1","1","1"
"recurring-pay-api","snapshot:2025-02-25.234.a6dafb4d","candidate:2025-02-25.234.a6dafb4d","release:2025-02-21.228.840efc7b","release:2025-02-21.228.840efc7b","release:2025-01-30.204.5e933782","1","1","1","5","5"
"recurring-pay-audit-processor","snapshot:2025-02-25.234.a6dafb4d","candidate:2025-02-25.234.a6dafb4d","release:2025-02-21.228.840efc7b","release:2025-02-21.228.840efc7b","release:2025-01-30.204.5e933782","1","1","1","1","1"
"recurring-pay-consumer","snapshot:2025-02-25.234.a6dafb4d","candidate:2025-02-25.234.a6dafb4d","release:2025-02-21.228.840efc7b","release:2025-02-21.228.840efc7b","release:2025-01-30.204.5e933782","1","0","3","3","3"
"recurring-pay-consumer-v2",,"candidate:2024-08-28.13.e1fb961c",,,"release:2024-06-20.10.7c9cc276",,"0",,,"0"
"recurring-pay-context-translator","snapshot:2025-02-24.952","candidate:2025-02-24.952","release:2025-02-24.952","release:2025-02-24.952","release:2025-02-18.951","1","3","3","3","0"
"recurring-pay-enrollment-workflow-processor","snapshot:2025-02-25.234.a6dafb4d","candidate:2025-02-25.234.a6dafb4d","release:2025-02-21.228.840efc7b","release:2025-02-21.228.840efc7b","release:2025-01-30.204.5e933782","1","1","1","1","0"
"recurring-pay-event-builder","snapshot:2025-02-24.952","candidate:2025-02-24.952","release:2025-02-24.952","release:2025-02-24.952","release:2025-02-18.951","1","0","3","3","3"
"recurring-pay-event-builder-v2","snapshot:2025-02-24.952","candidate:2025-02-24.952","release:2025-02-24.952","release:2025-02-24.952","release:2025-02-18.951","1","3","3","3","3"
"recurring-pay-event-orchestrator","snapshot:2025-02-25.234.a6dafb4d","candidate:2025-02-25.234.a6dafb4d","release:2025-02-21.228.840efc7b","release:2025-02-21.228.840efc7b","release:2025-01-30.204.5e933782","1","3","1","1","0"
"recurring-pay-event-processor","snapshot:2025-02-25.234.a6dafb4d","candidate:2025-02-25.234.a6dafb4d","release:2025-02-21.228.840efc7b","release:2025-02-21.228.840efc7b","release:2025-01-30.204.5e933782","1","1","1","1","1"
"recurring-pay-reenroll-event-orchestrator","snapshot:2025-02-25.234.a6dafb4d","candidate:2025-02-25.234.a6dafb4d","release:2025-02-21.228.840efc7b","release:2025-02-21.228.840efc7b","release:2025-01-30.204.5e933782","1","3","3","3","0"
"recurring-pay-reenrollment-workflow-processor","snapshot:2025-02-25.234.a6dafb4d","candidate:2025-02-25.234.a6dafb4d","release:2025-02-21.228.840efc7b","release:2025-02-21.228.840efc7b","release:2025-01-30.204.5e933782","1","1","1","1","0"
"recurring-pay-unenrollment-workflow-processor","snapshot:2025-02-25.234.a6dafb4d","candidate:2025-02-25.234.a6dafb4d","release:2025-02-21.228.840efc7b","release:2025-02-21.228.840efc7b","release:2025-01-30.204.5e933782","1","1","1","1","0"
"recurring-pay-user-account-consumer",,,"release:2024-06-20.10.7c9cc276","release:2024-06-20.10.7c9cc276","release:2024-06-20.10.7c9cc276",,,"0","0","0"
"salesforce-adapter-api","snapshot:2024-07-26.14.7cd6998c","candidate:2024-07-26.14.7cd6998c","release:2024-07-26.14.7cd6998c","release:2024-07-26.14.7cd6998c",,"3","2","0","3",
"service-address-event-builder","snapshot:2025-02-24.952","candidate:2025-02-24.952","release:2025-02-24.952","release:2025-02-24.952","release:2025-02-18.951","1","3","3","3","3"
"service-address-updated-event-builder","snapshot:2025-02-24.952","candidate:2025-02-24.952","release:2025-02-24.952","release:2025-02-24.952","release:2025-02-18.951","1","1","3","3","3"
"service-order-api","snapshot:2025-02-19.424.f67fd7d3","candidate:2025-02-19.424.f67fd7d3","release:2025-02-19.424.f67fd7d3","release:2025-02-19.424.f67fd7d3","release:2025-02-11.417.39062094","1","1","1","3","5"
"service-order-derived-field-workflow-processor","snapshot:2025-02-19.424.f67fd7d3","candidate:2025-02-19.424.f67fd7d3","release:2025-02-19.424.f67fd7d3","release:2025-02-19.424.f67fd7d3","release:2025-02-11.417.39062094","1","1","1","1","1"
"service-order-eligibility-workflow-processor","snapshot:2024-07-29.115.74f61610","candidate:2024-07-29.115.74f61610","release:2024-07-29.115.74f61610","release:2024-07-29.115.74f61610","release:2024-07-29.115.74f61610","0","0","0","0","0"
"service-order-event-builder","snapshot:2025-02-24.952","candidate:2025-02-24.952","release:2025-02-24.952","release:2025-02-24.952","release:2025-02-18.951","1","3","3","3","3"
"service-order-workflow-processor","snapshot:2025-02-19.424.f67fd7d3","candidate:2025-02-19.424.f67fd7d3","release:2025-02-19.424.f67fd7d3","release:2025-02-19.424.f67fd7d3","release:2025-02-11.417.39062094","1","1","1","1","1"
"service-point-info-event-builder","snapshot:2025-02-24.952","candidate:2025-02-24.952","release:2025-02-24.952","release:2025-02-24.952","release:2025-02-18.951","1","1","3","3","3"
"sf-account-balance-sync-context-translator","snapshot:2024-07-10.14.69ecb06d","candidate:20240405.152037","release:20240405.152037","release:20240405.152037","release:20240405.152037","0","1","0","0","0"
"sf-account-link-context-translator","snapshot:2025-02-04.110.eafc6cce","candidate:2024-11-05.90.df71165a","release:2024-11-05.90.df71165a","release:2024-11-05.90.df71165a","release:2024-11-05.90.df71165a","1","3","3","3","3"
"sf-bank-account-context-translator","snapshot:2025-02-04.110.eafc6cce","candidate:2024-11-05.90.df71165a","release:2024-11-05.90.df71165a","release:2024-11-05.90.df71165a","release:2024-11-05.90.df71165a","1","3","3","3","3"
"sf-cancel-payment-notification-context-translator","snapshot:2025-02-04.110.eafc6cce","candidate:2024-11-05.90.df71165a","release:2024-11-05.90.df71165a","release:2024-11-05.90.df71165a","release:2024-11-05.90.df71165a","0","0","0","0","0"
"sf-create-user-context-translator","snapshot:2025-02-04.110.eafc6cce","sf-create-user-context-translator","sf-create-user-context-translator","sf-create-user-context-translator","sf-create-user-context-translator","1","0","0","0","0"
"sf-marketing-cloud-email-context-translator","snapshot:2025-02-04.110.eafc6cce","candidate:2024-11-05.90.df71165a","release:2024-11-05.90.df71165a","release:2024-11-05.90.df71165a","release:2024-11-05.90.df71165a","1","1","3","3","3"
"sf-pay-by-bank-notification-context-translator","snapshot:2025-02-04.110.eafc6cce","candidate:2024-11-05.90.df71165a","release:2024-11-05.90.df71165a","release:2024-11-05.90.df71165a","release:2024-11-05.90.df71165a","0","0","0","0","0"
"sf-send-grid-email-context-translator",,"candidate:20240405.152037","release:20240405.152037","release:20240405.152037","release:20240405.152037",,"1","0","0","0"
"sf-start-service-context-translator","snapshot:2025-02-04.110.eafc6cce","candidate:2024-11-05.90.df71165a","release:2024-11-05.90.df71165a","release:2024-11-05.90.df71165a","release:2024-11-05.90.df71165a","1","1","3","3","3"
"start-service-context-translator","snapshot:2025-02-24.952","candidate:2025-02-24.952","release:2025-02-24.952","release:2025-02-24.952","release:2025-02-18.951","1","1","1","1","3"
"stop-service-context-translator","snapshot:2025-02-24.952","candidate:2025-02-24.952","release:2025-02-24.952","release:2025-02-24.952","release:2025-02-18.951","1","1","3","3","3"
"street-info-event-builder","snapshot:2025-02-24.952","candidate:2025-02-24.952","release:2025-02-24.952","release:2025-02-24.952","release:2025-02-18.951","1","1","3","3","3"
"submit-meter-reading-api","snapshot:2025-02-17.154.2908a05f","candidate:2025-02-17.154.2908a05f","release:2025-02-17.154.2908a05f","release:2025-02-17.154.2908a05f","release:2025-02-17.154.2908a05f","1","1","3","3","5"
"submit-meter-reading-audit-processor","snapshot:2025-02-17.154.2908a05f","candidate:2025-02-17.154.2908a05f","release:2025-02-17.154.2908a05f","release:2025-02-17.154.2908a05f","release:2025-02-17.154.2908a05f","1","1","1","1","1"
"submit-meter-reading-consumer","snapshot:2025-02-17.154.2908a05f","candidate:2025-02-17.154.2908a05f","release:2025-02-17.154.2908a05f","release:2025-02-17.154.2908a05f","release:2025-02-17.154.2908a05f","1","1","3","3","3"
"submit-meter-reading-context-translator","snapshot:2025-02-24.952","candidate:2025-02-24.952","release:2025-02-24.952","release:2025-02-24.952","release:2025-02-18.951","1","3","3","3","3"
"submit-meter-reading-event-orchestrator","snapshot:2025-02-17.154.2908a05f","candidate:2025-02-17.154.2908a05f","release:2025-02-17.154.2908a05f","release:2025-02-17.154.2908a05f","release:2025-02-17.154.2908a05f","1","3","3","3","3"
"submit-meter-reading-workflow-processor","snapshot:2025-02-17.154.2908a05f","candidate:2025-02-17.154.2908a05f","release:2025-02-17.154.2908a05f","release:2025-02-17.154.2908a05f","release:2025-02-17.154.2908a05f","1","1","1","1","1"
"supplier-comparison-api","snapshot:2024-12-05.53.44dbc55e","candidate:2024-12-05.53.44dbc55e","release:2024-12-05.53.44dbc55e","release:2024-12-05.53.44dbc55e","release:2024-12-05.53.44dbc55e","1","1","3","3","3"
"suspended-charges-audit-processor","snapshot:2024-12-05.40.c1d75496","candidate:2024-12-05.40.c1d75496","release:2024-12-05.40.c1d75496","release:2024-12-05.40.c1d75496","release:2024-12-05.40.c1d75496","1","1","1","1","1"
"suspended-charges-event-builder","snapshot:2025-02-24.952","candidate:2025-02-24.952","release:2025-02-24.952","release:2025-02-24.952","release:2025-02-18.951","1","1","3","3","3"
"tcpa-communications-pref-event-builder","snapshot:2025-02-24.952","candidate:2025-02-24.952","release:2025-02-24.952","release:2025-02-24.952","release:2025-02-18.951","1","3","3","3","3"
"tcpa-updated-context-translator","snapshot:2025-02-24.952","candidate:2025-02-24.952","release:2025-02-24.952","release:2025-02-24.952","release:2025-02-18.951","1","1","3","3","3"
"tips-context-translator-api","snapshot:2025-01-22.62.2687d472","candidate:2025-01-22.62.2687d472","release:2025-01-22.62.2687d472","release:2025-01-22.62.2687d472","release:2025-01-22.62.2687d472","1","1","1","1","1"
"total-usage-header-event-builder","snapshot:2025-02-24.952","candidate:2025-02-24.952","release:2025-02-24.952","release:2025-02-24.952","release:2025-02-18.951","1","10","10","10","10"
"udm-context-translator","snapshot:2025-02-14.194","candidate:2025-02-14.194","release:2025-02-14.194","release:2025-02-14.194","release:2025-02-05.179.e28f3939","1","3","3","3","3"
"udm-create-user-context-translator","snapshot:2025-02-14.194","candidate:2025-02-14.194","release:2025-02-14.194","release:2025-02-14.194","release:2025-02-05.179.e28f3939","1","1","0","0","0"
"udm-event-builder","snapshot:2025-02-14.194","candidate:2025-02-14.194","release:2025-02-14.194","release:2025-02-14.194","release:2025-02-05.179.e28f3939","1","1","1","1","1"
"udm-mailing-address-update-context-translator","snapshot:2025-02-14.194","candidate:2025-02-14.194","release:2025-02-14.194","release:2025-02-14.194","release:2025-02-05.179.e28f3939","1","1","3","3","3"
"udm-payment-reminder-context-translator","snapshot:2025-02-14.194","candidate:2025-02-14.194","release:2025-02-14.194","release:2025-02-14.194","release:2025-02-05.179.e28f3939","1","1","3","3","3"
"udm-phone-number-update-context-translator","snapshot:2025-02-14.194","candidate:2025-02-14.194","release:2025-02-14.194","release:2025-02-14.194","release:2025-02-05.179.e28f3939","1","1","3","3","3"
"udm-start-service-context-translator","snapshot:2025-02-14.194","candidate:2025-02-14.194","release:2025-02-14.194","release:2025-02-14.194","release:2025-02-05.179.e28f3939","1","1","3","3","3"
"user-activity-api","snapshot:2025-02-26.46.4cf570bc","candidate:2025-01-23.43.1bc1d57e","release:2025-01-23.43.1bc1d57e","release:2025-01-23.43.1bc1d57e","release:2025-01-23.43.1bc1d57e","1","1","1","1","1"
"user-api","snapshot:2025-02-25.228.555beea3","candidate:2025-02-25.228.555beea3","release:2025-02-19.212.62640fd8","release:2025-02-19.212.62640fd8","release:2025-02-12.205.06e60561","1","1","10","10","10"
"user-data-change-aggregator","snapshot:2025-02-25.228.555beea3","candidate:2025-02-25.228.555beea3","release:2025-02-19.212.62640fd8","release:2025-02-19.212.62640fd8","release:2025-02-12.205.06e60561","1","3","0","0","0"
"user-email-publisher","snapshot:2025-02-25.228.555beea3","candidate:2025-02-25.228.555beea3","release:2025-02-19.212.62640fd8","release:2025-02-19.212.62640fd8","release:2025-02-12.205.06e60561","1","1","0","0","0"
"user-event-orchestrator","snapshot:2025-02-25.228.555beea3","candidate:2025-02-25.228.555beea3","release:2025-02-19.212.62640fd8","release:2025-02-19.212.62640fd8","release:2025-02-12.205.06e60561","1","3","0","0","0"
"user-event-processor","snapshot:2025-02-25.228.555beea3","candidate:2025-02-25.228.555beea3","release:2025-02-19.212.62640fd8","release:2025-02-19.212.62640fd8","release:2025-02-12.205.06e60561","1","1","0","0","0"
"user-workflow-processor","snapshot:2025-02-25.228.555beea3","candidate:2025-02-25.228.555beea3","release:2025-02-19.212.62640fd8","release:2025-02-19.212.62640fd8","release:2025-02-12.205.06e60561","1","1","0","0","0"
"weather-api","snapshot:2025-01-30.63.37bcf42c","candidate:2024-11-06.61.049667d8","release:2024-11-06.61.049667d8","release:2024-11-06.61.049667d8","release:2024-11-06.61.049667d8","1","1","1","3","1"
"web-payment-event-builder","snapshot:2025-02-24.952","candidate:2025-02-24.952","release:2025-02-24.952","release:2025-02-24.952","release:2025-02-18.951","1","3","3","3","3"
